{
  "dataset": "gsm8k",
  "model_path": "/opt/pangu/openPangu-Embedded-7B-V1.1",
  "lora_r": 16,
  "lora_alpha": 32,
  "init_method": "FDT",
  "init_alpha": 0.6,
  "init_preset": null,
  "best_train_loss": 0.3976604759693146,
  "final_test_loss": 0.37282083606719973,
  "final_test_loss_std": 0.10264010429263531,
  "early_convergence": {
    "loss_at_100": 7.038376808166504,
    "loss_at_200": 1.9011608362197876,
    "loss_at_500": 0.5540750622749329,
    "loss_at_1000": 0.517021119594574
  },
  "auc_metrics": {
    "auc_0_100": 1209.705183506012,
    "auc_100_500": 709.8857180774212,
    "auc_500_1000": 221.45990578830242,
    "auc_1000_2500": 557.4453591257334,
    "auc_0_500": 1919.5909015834332,
    "auc_0_2500": 2698.496166497469
  },
  "wall_time_seconds": 708.1642158031464,
  "wall_time_minutes": 11.80273693005244,
  "peak_memory_gb": 1.016207872,
  "throughput_samples_per_sec": 10.552637133076102,
  "avg_time_per_step_ms": 283.26568632125856,
  "init_time_seconds": 6.995863437652588,
  "init_time_ms": 6995.863437652588,
  "num_train_samples": 7473,
  "num_test_samples": 1000,
  "test_batches_evaluated": 500,
  "measured_alphas_init": {
    "base_model.model.model.layers.0.self_attn.q_proj.lora_A.default.weight": 0.6000000004240077,
    "base_model.model.model.layers.0.self_attn.q_proj.lora_B.default.weight": 0.5999999997663119,
    "base_model.model.model.layers.0.self_attn.v_proj.lora_A.default.weight": 0.5999999999466457,
    "base_model.model.model.layers.0.self_attn.v_proj.lora_B.default.weight": 0.6000000006530317,
    "base_model.model.model.layers.1.self_attn.q_proj.lora_A.default.weight": 0.600000000904708,
    "base_model.model.model.layers.1.self_attn.q_proj.lora_B.default.weight": 0.6000000000980261,
    "base_model.model.model.layers.1.self_attn.v_proj.lora_A.default.weight": 0.6000000002516408,
    "base_model.model.model.layers.1.self_attn.v_proj.lora_B.default.weight": 0.5999999994977373,
    "base_model.model.model.layers.2.self_attn.q_proj.lora_A.default.weight": 0.5999999992682469,
    "base_model.model.model.layers.2.self_attn.q_proj.lora_B.default.weight": 0.5999999999161808,
    "base_model.model.model.layers.2.self_attn.v_proj.lora_A.default.weight": 0.6000000000962165,
    "base_model.model.model.layers.2.self_attn.v_proj.lora_B.default.weight": 0.599999999987794,
    "base_model.model.model.layers.3.self_attn.q_proj.lora_A.default.weight": 0.6000000004728344,
    "base_model.model.model.layers.3.self_attn.q_proj.lora_B.default.weight": 0.6000000003887639,
    "base_model.model.model.layers.3.self_attn.v_proj.lora_A.default.weight": 0.6000000004550644,
    "base_model.model.model.layers.3.self_attn.v_proj.lora_B.default.weight": 0.6000000000454448,
    "base_model.model.model.layers.4.self_attn.q_proj.lora_A.default.weight": 0.600000000653948,
    "base_model.model.model.layers.4.self_attn.q_proj.lora_B.default.weight": 0.5999999993295496,
    "base_model.model.model.layers.4.self_attn.v_proj.lora_A.default.weight": 0.5999999999029177,
    "base_model.model.model.layers.4.self_attn.v_proj.lora_B.default.weight": 0.6000000016182861,
    "base_model.model.model.layers.5.self_attn.q_proj.lora_A.default.weight": 0.6000000000758252,
    "base_model.model.model.layers.5.self_attn.q_proj.lora_B.default.weight": 0.600000000145941,
    "base_model.model.model.layers.5.self_attn.v_proj.lora_A.default.weight": 0.599999999435271,
    "base_model.model.model.layers.5.self_attn.v_proj.lora_B.default.weight": 0.6000000009922872,
    "base_model.model.model.layers.6.self_attn.q_proj.lora_A.default.weight": 0.6000000008588413,
    "base_model.model.model.layers.6.self_attn.q_proj.lora_B.default.weight": 0.600000000224964,
    "base_model.model.model.layers.6.self_attn.v_proj.lora_A.default.weight": 0.6000000004008502,
    "base_model.model.model.layers.6.self_attn.v_proj.lora_B.default.weight": 0.5999999987565614,
    "base_model.model.model.layers.7.self_attn.q_proj.lora_A.default.weight": 0.6000000003298963,
    "base_model.model.model.layers.7.self_attn.q_proj.lora_B.default.weight": 0.5999999995098282,
    "base_model.model.model.layers.7.self_attn.v_proj.lora_A.default.weight": 0.5999999994164704,
    "base_model.model.model.layers.7.self_attn.v_proj.lora_B.default.weight": 0.6000000005896925,
    "base_model.model.model.layers.8.self_attn.q_proj.lora_A.default.weight": 0.6000000006824145,
    "base_model.model.model.layers.8.self_attn.q_proj.lora_B.default.weight": 0.6000000003437114,
    "base_model.model.model.layers.8.self_attn.v_proj.lora_A.default.weight": 0.6000000008350909,
    "base_model.model.model.layers.8.self_attn.v_proj.lora_B.default.weight": 0.5999999999970312,
    "base_model.model.model.layers.9.self_attn.q_proj.lora_A.default.weight": 0.5999999991930987,
    "base_model.model.model.layers.9.self_attn.q_proj.lora_B.default.weight": 0.5999999996199706,
    "base_model.model.model.layers.9.self_attn.v_proj.lora_A.default.weight": 0.599999999950652,
    "base_model.model.model.layers.9.self_attn.v_proj.lora_B.default.weight": 0.5999999995005599,
    "base_model.model.model.layers.10.self_attn.q_proj.lora_A.default.weight": 0.5999999999786484,
    "base_model.model.model.layers.10.self_attn.q_proj.lora_B.default.weight": 0.6000000006738506,
    "base_model.model.model.layers.10.self_attn.v_proj.lora_A.default.weight": 0.6000000000932783,
    "base_model.model.model.layers.10.self_attn.v_proj.lora_B.default.weight": 0.5999999999570891,
    "base_model.model.model.layers.11.self_attn.q_proj.lora_A.default.weight": 0.6000000000350355,
    "base_model.model.model.layers.11.self_attn.q_proj.lora_B.default.weight": 0.5999999996596282,
    "base_model.model.model.layers.11.self_attn.v_proj.lora_A.default.weight": 0.6000000000281951,
    "base_model.model.model.layers.11.self_attn.v_proj.lora_B.default.weight": 0.6000000001345371,
    "base_model.model.model.layers.12.self_attn.q_proj.lora_A.default.weight": 0.5999999991131671,
    "base_model.model.model.layers.12.self_attn.q_proj.lora_B.default.weight": 0.5999999991242412,
    "base_model.model.model.layers.12.self_attn.v_proj.lora_A.default.weight": 0.6000000006331844,
    "base_model.model.model.layers.12.self_attn.v_proj.lora_B.default.weight": 0.6000000008805886,
    "base_model.model.model.layers.13.self_attn.q_proj.lora_A.default.weight": 0.5999999997579366,
    "base_model.model.model.layers.13.self_attn.q_proj.lora_B.default.weight": 0.6000000004754555,
    "base_model.model.model.layers.13.self_attn.v_proj.lora_A.default.weight": 0.5999999995295958,
    "base_model.model.model.layers.13.self_attn.v_proj.lora_B.default.weight": 0.6000000004445838,
    "base_model.model.model.layers.14.self_attn.q_proj.lora_A.default.weight": 0.5999999997386216,
    "base_model.model.model.layers.14.self_attn.q_proj.lora_B.default.weight": 0.6000000005657594,
    "base_model.model.model.layers.14.self_attn.v_proj.lora_A.default.weight": 0.6000000000007174,
    "base_model.model.model.layers.14.self_attn.v_proj.lora_B.default.weight": 0.5999999994804246,
    "base_model.model.model.layers.15.self_attn.q_proj.lora_A.default.weight": 0.5999999999159001,
    "base_model.model.model.layers.15.self_attn.q_proj.lora_B.default.weight": 0.600000000636414,
    "base_model.model.model.layers.15.self_attn.v_proj.lora_A.default.weight": 0.5999999997023135,
    "base_model.model.model.layers.15.self_attn.v_proj.lora_B.default.weight": 0.6000000002346573,
    "base_model.model.model.layers.16.self_attn.q_proj.lora_A.default.weight": 0.6000000000799575,
    "base_model.model.model.layers.16.self_attn.q_proj.lora_B.default.weight": 0.6000000000068103,
    "base_model.model.model.layers.16.self_attn.v_proj.lora_A.default.weight": 0.6000000002347837,
    "base_model.model.model.layers.16.self_attn.v_proj.lora_B.default.weight": 0.6000000003349016,
    "base_model.model.model.layers.17.self_attn.q_proj.lora_A.default.weight": 0.5999999999896847,
