{
  "dataset": "sharegpt",
  "model_path": "/root/nvme0n1/Noneq_Neural_Network/pretrained_models/1/Qwen2.5-7B/qwen/Qwen2___5-7B",
  "lora_r": 16,
  "lora_alpha": 32,
  "init_method": "FDT",
  "init_alpha": 0.6,
  "init_preset": null,
  "best_train_loss": 0.5959872484207154,
  "final_test_loss": 0.48531461173295976,
  "final_test_loss_std": 0.35938830050667914,
  "early_convergence": {
    "loss_at_100": 3.2217049598693848,
    "loss_at_200": 0.2097988724708557,
    "loss_at_500": 0.039219263941049576,
    "loss_at_1000": 0.18188877403736115
  },
  "auc_metrics": {
    "auc_0_100": 421.3928301334381,
    "auc_100_500": 303.48282096907496,
    "auc_500_1000": 244.54977536574006,
    "auc_1000_2500": 699.8926853314042,
    "auc_0_500": 724.8756511025131,
    "auc_0_2500": 1669.3181117996573
  },
  "wall_time_seconds": 601.8404014110565,
  "wall_time_minutes": 10.030673356850942,
  "peak_memory_gb": 0.873846784,
  "throughput_samples_per_sec": 30.860340974873594,
  "avg_time_per_step_ms": 240.73616056442262,
  "init_time_seconds": 6.740412712097168,
  "init_time_ms": 6740.412712097168,
  "num_train_samples": 18573,
  "num_test_samples": 1000,
  "test_batches_evaluated": 500,
  "measured_alphas_init": {
    "base_model.model.model.layers.0.self_attn.q_proj.lora_A.default.weight": 0.5999999994599469,
    "base_model.model.model.layers.0.self_attn.q_proj.lora_B.default.weight": 0.600000000459411,
    "base_model.model.model.layers.0.self_attn.v_proj.lora_A.default.weight": 0.6000000000914275,
    "base_model.model.model.layers.0.self_attn.v_proj.lora_B.default.weight": 0.5999999996407038,
    "base_model.model.model.layers.1.self_attn.q_proj.lora_A.default.weight": 0.5999999999015914,
    "base_model.model.model.layers.1.self_attn.q_proj.lora_B.default.weight": 0.6000000001661495,
    "base_model.model.model.layers.1.self_attn.v_proj.lora_A.default.weight": 0.5999999998540733,
    "base_model.model.model.layers.1.self_attn.v_proj.lora_B.default.weight": 0.599999998989262,
    "base_model.model.model.layers.2.self_attn.q_proj.lora_A.default.weight": 0.6000000005222672,
    "base_model.model.model.layers.2.self_attn.q_proj.lora_B.default.weight": 0.6000000004309637,
    "base_model.model.model.layers.2.self_attn.v_proj.lora_A.default.weight": 0.6000000004695951,
    "base_model.model.model.layers.2.self_attn.v_proj.lora_B.default.weight": 0.5999999995283193,
    "base_model.model.model.layers.3.self_attn.q_proj.lora_A.default.weight": 0.5999999991850559,
    "base_model.model.model.layers.3.self_attn.q_proj.lora_B.default.weight": 0.6000000006356022,
    "base_model.model.model.layers.3.self_attn.v_proj.lora_A.default.weight": 0.6000000005462163,
    "base_model.model.model.layers.3.self_attn.v_proj.lora_B.default.weight": 0.599999998652493,
    "base_model.model.model.layers.4.self_attn.q_proj.lora_A.default.weight": 0.6000000000827853,
    "base_model.model.model.layers.4.self_attn.q_proj.lora_B.default.weight": 0.600000000171258,
    "base_model.model.model.layers.4.self_attn.v_proj.lora_A.default.weight": 0.5999999999071055,
    "base_model.model.model.layers.4.self_attn.v_proj.lora_B.default.weight": 0.6000000031243392,
    "base_model.model.model.layers.5.self_attn.q_proj.lora_A.default.weight": 0.6000000004782533,
    "base_model.model.model.layers.5.self_attn.q_proj.lora_B.default.weight": 0.6000000001208743,
    "base_model.model.model.layers.5.self_attn.v_proj.lora_A.default.weight": 0.6000000004194959,
    "base_model.model.model.layers.5.self_attn.v_proj.lora_B.default.weight": 0.5999999970069417,
    "base_model.model.model.layers.6.self_attn.q_proj.lora_A.default.weight": 0.6000000001939853,
    "base_model.model.model.layers.6.self_attn.q_proj.lora_B.default.weight": 0.5999999999415694,
    "base_model.model.model.layers.6.self_attn.v_proj.lora_A.default.weight": 0.6000000006059946,
    "base_model.model.model.layers.6.self_attn.v_proj.lora_B.default.weight": 0.5999999995688752,
    "base_model.model.model.layers.7.self_attn.q_proj.lora_A.default.weight": 0.5999999994101094,
    "base_model.model.model.layers.7.self_attn.q_proj.lora_B.default.weight": 0.6000000004432962,
    "base_model.model.model.layers.7.self_attn.v_proj.lora_A.default.weight": 0.5999999997331582,
    "base_model.model.model.layers.7.self_attn.v_proj.lora_B.default.weight": 0.5999999998989652,
    "base_model.model.model.layers.8.self_attn.q_proj.lora_A.default.weight": 0.599999999454247,
    "base_model.model.model.layers.8.self_attn.q_proj.lora_B.default.weight": 0.600000000084214,
    "base_model.model.model.layers.8.self_attn.v_proj.lora_A.default.weight": 0.60000000053242,
    "base_model.model.model.layers.8.self_attn.v_proj.lora_B.default.weight": 0.5999999982252011,
    "base_model.model.model.layers.9.self_attn.q_proj.lora_A.default.weight": 0.5999999997904146,
    "base_model.model.model.layers.9.self_attn.q_proj.lora_B.default.weight": 0.6000000000412146,
    "base_model.model.model.layers.9.self_attn.v_proj.lora_A.default.weight": 0.5999999998203126,
    "base_model.model.model.layers.9.self_attn.v_proj.lora_B.default.weight": 0.5999999996895966,
    "base_model.model.model.layers.10.self_attn.q_proj.lora_A.default.weight": 0.5999999992806769,
    "base_model.model.model.layers.10.self_attn.q_proj.lora_B.default.weight": 0.5999999999592741,
    "base_model.model.model.layers.10.self_attn.v_proj.lora_A.default.weight": 0.600000000731235,
    "base_model.model.model.layers.10.self_attn.v_proj.lora_B.default.weight": 0.5999999994218898,
    "base_model.model.model.layers.11.self_attn.q_proj.lora_A.default.weight": 0.6000000001948725,
    "base_model.model.model.layers.11.self_attn.q_proj.lora_B.default.weight": 0.6000000000193187,
    "base_model.model.model.layers.11.self_attn.v_proj.lora_A.default.weight": 0.5999999996779872,
    "base_model.model.model.layers.11.self_attn.v_proj.lora_B.default.weight": 0.5999999996789842,
    "base_model.model.model.layers.12.self_attn.q_proj.lora_A.default.weight": 0.600000000461675,
    "base_model.model.model.layers.12.self_attn.q_proj.lora_B.default.weight": 0.5999999990174102,
    "base_model.model.model.layers.12.self_attn.v_proj.lora_A.default.weight": 0.5999999997002933,
    "base_model.model.model.layers.12.self_attn.v_proj.lora_B.default.weight": 0.6000000008974485,
    "base_model.model.model.layers.13.self_attn.q_proj.lora_A.default.weight": 0.5999999991147573,
    "base_model.model.model.layers.13.self_attn.q_proj.lora_B.default.weight": 0.5999999999553209,
    "base_model.model.model.layers.13.self_attn.v_proj.lora_A.default.weight": 0.6000000005110127,
    "base_model.model.model.layers.13.self_attn.v_proj.lora_B.default.weight": 0.6000000015062075,
    "base_model.model.model.layers.14.self_attn.q_proj.lora_A.default.weight": 0.5999999999507666,
    "base_model.model.model.layers.14.self_attn.q_proj.lora_B.default.weight": 0.6000000003487725,
    "base_model.model.model.layers.14.self_attn.v_proj.lora_A.default.weight": 0.5999999999934019,
    "base_model.model.model.layers.14.self_attn.v_proj.lora_B.default.weight": 0.600000002995208,
    "base_model.model.model.layers.15.self_attn.q_proj.lora_A.default.weight": 0.5999999991739223,
    "base_model.model.model.layers.15.self_attn.q_proj.lora_B.default.weight": 0.5999999993984798,
    "base_model.model.model.layers.15.self_attn.v_proj.lora_A.default.weight": 0.6000000002389362,
    "base_model.model.model.layers.15.self_attn.v_proj.lora_B.default.weight": 0.6000000000619063,
    "base_model.model.model.layers.16.self_attn.q_proj.lora_A.default.weight": 0.5999999998397243,
    "base_model.model.model.layers.16.self_attn.q_proj.lora_B.default.weight": 0.5999999999903706,
    "base_model.model.model.layers.16.self_attn.v_proj.lora_A.default.weight": 0.5999999997267754,
    "base_model.model.model.layers.16.self_attn.v_proj.lora_B.default.weight": 0.5999999993621351,
    "base_model.model.model.layers.17.self_attn.q_proj.lora_A.default.weight": 0.5999999997885335,
